,Sem,Syn,Total
original GloVe,0.8014096185737977,0.5569169546549377,0.6389758575106101
Double-Hard-GloVe (Wang et al.),0.7135837692185767,0.4799063231850117,0.5667098445595855
Double-Hard-GloVe (replication),0.8020315091210614,0.6655147135825741,0.7113337507827175
GN-Glove,0.759742951907131,0.5466540999057493,0.6181729631948792
GN-Glove(a),0.7589137645107794,0.5425699026076028,0.6151812426076672
GP-GloVe,0.8192371475953566,0.5541941564561734,0.6431503513532317
GP-GN-GloVe,0.7574626865671642,0.566760917373547,0.630766019620121
Hard-GloVe,0.7999585406301825,0.6610116242538485,0.7076462812217352
Strong-Hard-GloVe,0.7674129353233831,0.6573463189862813,0.6942879009253461
